{"cameraMode":{"drawMode":0,"name":"Shaded","section":"Shading Mode"},"sceneLighting":false,"audioPlay":false,"sceneViewState":{"m_AlwaysRefresh":false,"showFog":false,"showSkybox":false,"showFlares":false,"showImageEffects":false,"showParticleSystems":false,"showVisualEffectGraphs":true,"m_FxEnabled":true},"in2DMode":false,"pivot":{"x":-0.22385911643505097,"y":1.2337703704833985,"z":0.14371679723262788},"rotation":{"x":0.031268324702978137,"y":0.9686597585678101,"z":-0.16758468747138978,"w":0.18076324462890626},"size":0.3786728084087372,"orthographic":false}