{"cameraMode":{"drawMode":0,"name":"Shaded","section":"Shading Mode"},"sceneLighting":false,"audioPlay":false,"sceneViewState":{"m_AlwaysRefresh":false,"showFog":false,"showSkybox":false,"showFlares":false,"showImageEffects":false,"showParticleSystems":false,"showVisualEffectGraphs":true,"m_FxEnabled":true},"in2DMode":false,"pivot":{"x":0.08352600038051605,"y":1.390277624130249,"z":-0.3048870861530304},"rotation":{"x":-0.07371804118156433,"y":0.026023320853710176,"z":-0.0019239882240071893,"w":-0.9969407916069031},"size":1.3156944513320923,"orthographic":false}