{"cameraMode":{"drawMode":0,"name":"Shaded","section":"Shading Mode"},"sceneLighting":true,"audioPlay":false,"sceneViewState":{"m_AlwaysRefresh":false,"showFog":true,"showSkybox":true,"showFlares":true,"showImageEffects":true,"showParticleSystems":true,"showVisualEffectGraphs":true,"m_FxEnabled":true},"in2DMode":false,"pivot":{"x":0.645411491394043,"y":2.5825417041778566,"z":-3.7777981758117677},"rotation":{"x":-0.19536180794239045,"y":0.12670257687568665,"z":-0.02546725608408451,"w":-0.9721897840499878},"size":4.9604926109313969,"orthographic":false}