{"cameraMode":{"drawMode":0,"name":"Shaded","section":"Shading Mode"},"sceneLighting":true,"audioPlay":false,"sceneViewState":{"m_AlwaysRefresh":false,"showFog":true,"showSkybox":true,"showFlares":true,"showImageEffects":true,"showParticleSystems":true,"showVisualEffectGraphs":true,"m_FxEnabled":true},"in2DMode":false,"pivot":{"x":-1.6952720880508423,"y":2.325009822845459,"z":-1.0406129360198975},"rotation":{"x":-0.07371804118156433,"y":0.026023320853710176,"z":-0.0019239882240071893,"w":-0.9969407916069031},"size":2.3539302349090578,"orthographic":false}