{"cameraMode":{"drawMode":0,"name":"Shaded","section":"Shading Mode"},"sceneLighting":true,"audioPlay":false,"sceneViewState":{"m_AlwaysRefresh":false,"showFog":true,"showSkybox":true,"showFlares":true,"showImageEffects":true,"showParticleSystems":true,"showVisualEffectGraphs":true,"m_FxEnabled":true},"in2DMode":false,"pivot":{"x":0.645411491394043,"y":2.5825417041778566,"z":-3.7777981758117677},"rotation":{"x":-0.1674608439207077,"y":0.25613364577293398,"z":-0.045110076665878299,"w":-0.9509667754173279},"size":0.6843712329864502,"orthographic":false}