{"cameraMode":{"drawMode":0,"name":"Shaded","section":"Shading Mode"},"sceneLighting":true,"audioPlay":false,"sceneViewState":{"m_AlwaysRefresh":false,"showFog":true,"showSkybox":true,"showFlares":true,"showImageEffects":true,"showParticleSystems":true,"showVisualEffectGraphs":true,"m_FxEnabled":true},"in2DMode":false,"pivot":{"x":-0.9163113236427307,"y":2.4181041717529299,"z":-0.9950885772705078},"rotation":{"x":0.06326647102832794,"y":0.006297780200839043,"z":-0.00039409848977811635,"w":0.9979819059371948},"size":2.9876558780670168,"orthographic":false}