{"cameraMode":{"drawMode":0,"name":"Shaded","section":"Shading Mode"},"sceneLighting":true,"audioPlay":false,"sceneViewState":{"m_AlwaysRefresh":false,"showFog":true,"showSkybox":true,"showFlares":true,"showImageEffects":true,"showParticleSystems":true,"showVisualEffectGraphs":true,"m_FxEnabled":true},"in2DMode":false,"pivot":{"x":-0.7973676919937134,"y":2.2499008178710939,"z":-1.004906415939331},"rotation":{"x":-0.07371804118156433,"y":0.026023320853710176,"z":-0.0019239882240071893,"w":-0.9969407916069031},"size":2.761950969696045,"orthographic":false}