{"cameraMode":{"drawMode":0,"name":"Shaded","section":"Shading Mode"},"sceneLighting":true,"audioPlay":false,"sceneViewState":{"m_AlwaysRefresh":false,"showFog":true,"showSkybox":true,"showFlares":true,"showImageEffects":true,"showParticleSystems":true,"showVisualEffectGraphs":true,"m_FxEnabled":true},"in2DMode":false,"pivot":{"x":-3.7488210201263429,"y":-0.18698358535766602,"z":-4.105988502502441},"rotation":{"x":0.18080729246139527,"y":0.00620676064863801,"z":-0.001139280153438449,"w":0.983504056930542},"size":7.687998294830322,"orthographic":false}