{"cameraMode":{"drawMode":0,"name":"Shaded","section":"Shading Mode"},"sceneLighting":true,"audioPlay":false,"sceneViewState":{"m_AlwaysRefresh":false,"showFog":true,"showSkybox":true,"showFlares":true,"showImageEffects":true,"showParticleSystems":true,"showVisualEffectGraphs":true,"m_FxEnabled":true},"in2DMode":false,"pivot":{"x":-1.1804711818695069,"y":1.9472708702087403,"z":-1.5007646083831788},"rotation":{"x":-0.08491429686546326,"y":-0.1349862813949585,"z":0.011611665599048138,"w":-0.9871340990066528},"size":2.126408576965332,"orthographic":false}