{"cameraMode":{"drawMode":0,"name":"Shaded","section":"Shading Mode"},"sceneLighting":false,"audioPlay":false,"sceneViewState":{"m_AlwaysRefresh":false,"showFog":false,"showSkybox":false,"showFlares":false,"showImageEffects":false,"showParticleSystems":false,"showVisualEffectGraphs":true,"m_FxEnabled":true},"in2DMode":false,"pivot":{"x":8.322914123535157,"y":1.1851322650909424,"z":-0.3476886749267578},"rotation":{"x":0.06326647102832794,"y":0.006297780200839043,"z":-0.00039409848977811635,"w":0.9979819059371948},"size":13.164693832397461,"orthographic":false}