{"cameraMode":{"drawMode":0,"name":"Shaded","section":"Shading Mode"},"sceneLighting":false,"audioPlay":false,"sceneViewState":{"m_AlwaysRefresh":false,"showFog":false,"showSkybox":false,"showFlares":false,"showImageEffects":false,"showParticleSystems":false,"showVisualEffectGraphs":true,"m_FxEnabled":true},"in2DMode":false,"pivot":{"x":-0.0015227869153022767,"y":1.0280663967132569,"z":-0.28009140491485598},"rotation":{"x":0.032369956374168399,"y":0.9434974789619446,"z":-0.09686670452356339,"w":0.3152703046798706},"size":0.5191466212272644,"orthographic":false}