{"cameraMode":{"drawMode":0,"name":"Shaded","section":"Shading Mode"},"sceneLighting":false,"audioPlay":false,"sceneViewState":{"m_AlwaysRefresh":false,"showFog":false,"showSkybox":false,"showFlares":false,"showImageEffects":false,"showParticleSystems":false,"showVisualEffectGraphs":true,"m_FxEnabled":true},"in2DMode":false,"pivot":{"x":8.322914123535157,"y":1.2435293197631837,"z":-0.10425043106079102},"rotation":{"x":0.1317126303911209,"y":-0.0561642199754715,"z":0.007479488849639893,"w":0.9896739721298218},"size":13.164693832397461,"orthographic":false}