{"cameraMode":{"drawMode":0,"name":"Shaded","section":"Shading Mode"},"sceneLighting":false,"audioPlay":false,"sceneViewState":{"m_AlwaysRefresh":false,"showFog":false,"showSkybox":false,"showFlares":false,"showImageEffects":false,"showParticleSystems":false,"showVisualEffectGraphs":true,"m_FxEnabled":true},"in2DMode":false,"pivot":{"x":1.016870379447937,"y":1.2277297973632813,"z":-0.5964332818984985},"rotation":{"x":0.03096969611942768,"y":-0.9503123760223389,"z":0.10045008361339569,"w":0.29303616285324099},"size":0.16154934465885163,"orthographic":false}