{"cameraMode":{"drawMode":0,"name":"Shaded","section":"Shading Mode"},"sceneLighting":false,"audioPlay":false,"sceneViewState":{"m_AlwaysRefresh":false,"showFog":false,"showSkybox":false,"showFlares":false,"showImageEffects":false,"showParticleSystems":false,"showVisualEffectGraphs":true,"m_FxEnabled":true},"in2DMode":false,"pivot":{"x":0.099349245429039,"y":1.3870131969451905,"z":-0.29800379276275637},"rotation":{"x":-0.020654745399951936,"y":0.05726705864071846,"z":0.0011879472294822336,"w":0.9981514811515808},"size":1.3168764114379883,"orthographic":false}