{"cameraMode":{"drawMode":0,"name":"Shaded","section":"Shading Mode"},"sceneLighting":false,"audioPlay":false,"sceneViewState":{"m_AlwaysRefresh":false,"showFog":false,"showSkybox":false,"showFlares":false,"showImageEffects":false,"showParticleSystems":false,"showVisualEffectGraphs":true,"m_FxEnabled":true},"in2DMode":false,"pivot":{"x":0.0835224837064743,"y":1.4007432460784913,"z":-0.1609266996383667},"rotation":{"x":-0.07874856889247894,"y":-0.15576454997062684,"z":0.01244785450398922,"w":-0.9845871329307556},"size":1.3083926439285279,"orthographic":false}